Workbook

Sheet Análises 
B2: IDH | F2: Abaixo de 0.75 | G2: Igual ou Acima de 0.75
B3: Relação da Média do PIB das Cidades com o IDH | F3: =SUMIF(Dados!C2:C28,"<0,75",Dados!F2:F28)/COUNTIF(Dados!C2:C28,"<0,75") -> 22777.778 | G3: =SUMIF(Dados!C2:C28,">=0,75",Dados!F2:F28)/COUNTIF(Dados!C2:C28,">=0,75") -> 35777.778
B4: Média por Fecundidade | F4: {=AVERAGE(_xlfn._xlws.FILTER(Dados!G2:G28,Dados!C2:C28<0.75))} -> 2.3744444 | G4: {=AVERAGE(_xlfn._xlws.FILTER(Dados!G2:G28,Dados!C2:C28>=0.75))} -> 1.93
B5: Média da Taxa de Desemprego | F5: {=AVERAGE(_xlfn._xlws.FILTER(Dados!E2:E28,Dados!C2:C28<0.75))} -> 14.1 | G5: {=AVERAGE(_xlfn._xlws.FILTER(Dados!E2:E28,Dados!C2:C28>=0.75))} -> 9.7944444
B6: Mediana da Taxa de Desemprego | F6: {=MEDIAN(_xlfn._xlws.FILTER(Dados!E2:E28,Dados!C2:C28<0.75))} -> 14.2 | G6: {=MEDIAN(_xlfn._xlws.FILTER(Dados!E2:E28,Dados!C2:C28>=0.75))} -> 9.7
B8: Três Municípios com maior Desigualdade
B9: Municípios | D9: PIB per capita | F9: Taxa de Desemprego
B10: {=_xlfn._xlws.FILTER(Dados!A2:A28,Dados!D2:D28 >= LARGE(Dados!D2:D28, 3))} -> Maceió | D10: {=_xlfn._xlws.FILTER(Dados!$F$2:$F$28,Dados!$A$2:$A$28=B10)} -> 21000 | F10: {=_xlfn._xlws.FILTER(Dados!$E$2:$E$28,Dados!$A$2:$A$28=B10)} -> 16.1
B11: Macapá | D11: {=_xlfn._xlws.FILTER(Dados!$F$2:$F$28,Dados!$A$2:$A$28=B11)} -> 22000 | F11: {=_xlfn._xlws.FILTER(Dados!$E$2:$E$28,Dados!$A$2:$A$28=B11)} -> 13.7
B12: Manaus | D12: {=_xlfn._xlws.FILTER(Dados!$F$2:$F$28,Dados!$A$2:$A$28=B12)} -> 25000 | F12: {=_xlfn._xlws.FILTER(Dados!$E$2:$E$28,Dados!$A$2:$A$28=B12)} -> 15.4
B13: São Luís
B14: Três Cidades que Apresentam os Piores Indicadores Sociais
B15: Municípios | C15: IDH | D15: Taxa de Desemprego | E15: PIB per capita | F15: Gini | G15: Z-Score
B16: {=_xlfn._xlws.FILTER(Dados!A2:A28,'Z-Score'!F2:F28 >= LARGE('Z-Score'!F2:F28, 3))} -> Maceió | C16: {=_xlfn._xlws.FILTER(Dados!$C$2:$C$28,Dados!$A$2:$A$28='Análises '!B16)} -> 0.705 | D16: {=_xlfn._xlws.FILTER(Dados!$E$2:$E$28,Dados!$A$2:$A$28='Análises '!B16)} -> 16.1 | E16: {=_xlfn._xlws.FILTER(Dados!$F$2:$F$28,Dados!$A$2:$A$28='Análises '!B16)} -> 21000 | F16: {=_xlfn._xlws.FILTER(Dados!$D$2:$D$28,Dados!$A$2:$A$28='Análises '!B16)} -> 0.61 | G16: {=_xlfn._xlws.FILTER('Z-Score'!$F$2:$F$28,Dados!$A$2:$A$28='Análises '!B16)} -> 5.4854847
B17: Manaus | C17: {=_xlfn._xlws.FILTER(Dados!$C$2:$C$28,Dados!$A$2:$A$28='Análises '!B17)} -> 0.72 | D17: {=_xlfn._xlws.FILTER(Dados!$E$2:$E$28,Dados!$A$2:$A$28='Análises '!B17)} -> 15.4 | E17: {=_xlfn._xlws.FILTER(Dados!$F$2:$F$28,Dados!$A$2:$A$28='Análises '!B17)} -> 25000 | F17: {=_xlfn._xlws.FILTER(Dados!$D$2:$D$28,Dados!$A$2:$A$28='Análises '!B17)} -> 0.6 | G17: {=_xlfn._xlws.FILTER('Z-Score'!$F$2:$F$28,Dados!$A$2:$A$28='Análises '!B17)} -> 4.363785
B18: São Luís | C18: {=_xlfn._xlws.FILTER(Dados!$C$2:$C$28,Dados!$A$2:$A$28='Análises '!B18)} -> 0.73 | D18: {=_xlfn._xlws.FILTER(Dados!$E$2:$E$28,Dados!$A$2:$A$28='Análises '!B18)} -> 14.5 | E18: {=_xlfn._xlws.FILTER(Dados!$F$2:$F$28,Dados!$A$2:$A$28='Análises '!B18)} -> 22000 | F18: {=_xlfn._xlws.FILTER(Dados!$D$2:$D$28,Dados!$A$2:$A$28='Análises '!B18)} -> 0.6 | G18: {=_xlfn._xlws.FILTER('Z-Score'!$F$2:$F$28,Dados!$A$2:$A$28='Análises '!B18)} -> 4.1134562

Sheet Dados
A1: Municipio | B1: Populacao | C1: IDH | D1: Gini | E1: TaxaDesemprego | F1: PIB_per_capita | G1: TaxaFecundidade
A2: Maceió | B2: 1029129 | C2: 0.705 | D2: 0.61 | E2: 16.1 | F2: 21000 | G2: 2.22
A3: Macapá | B3: 512902 | C3: 0.72 | D3: 0.6 | E3: 13.7 | F3: 22000 | G3: 2.48
A4: Manaus | B4: 2323789 | C4: 0.72 | D4: 0.6 | E4: 15.4 | F4: 25000 | G4: 2.59
A5: São Luís | B5: 1108975 | C5: 0.73 | D5: 0.6 | E5: 14.5 | F5: 22000 | G5: 2.56
A6: Rio Branco | B6: 419452 | C6: 0.725 | D6: 0.59 | E6: 14.2 | F6: 21000 | G6: 2.95
A7: Recife | B7: 1653461 | C7: 0.735 | D7: 0.59 | E7: 13.9 | F7: 24000 | G7: 1.92
A8: Porto Velho | B8: 539354 | C8: 0.735 | D8: 0.58 | E8: 13 | F8: 24000 | G8: 2.16
A9: Belém | B9: 1496889 | C9: 0.745 | D9: 0.58 | E9: 14.8 | F9: 23000 | G9: 2.5
A10: Salvador | B10: 2900319 | C10: 0.759 | D10: 0.58 | E10: 14 | F10: 27000 | G10: 2.05
A11: Fortaleza | B11: 2686612 | C11: 0.754 | D11: 0.57 | E11: 13.2 | F11: 26000 | G11: 1.99
A12: Teresina | B12: 868075 | C12: 0.74 | D12: 0.56 | E12: 11.3 | F12: 23000 | G12: 1.99
A13: Boa Vista | B13: 436591 | C13: 0.75 | D13: 0.56 | E13: 10.9 | F13: 28000 | G13: 2.41
... A28: Florianópolis | B28: 537213 | C28: 0.86 | D28: 0.42 | E28: 5.8 | F28: 58000 | G28: 1.71

Sheet Z-Score
A1: Municipio | B1: IDH_Z | C1: Taxa_Desemprego_Z | D1: PIB_per_capita_Z | E1: Gini_Z | F1: Soma | I1: Variável | J1: Desvio | K1: Média
A2: Maceió | B2: =-((Dados!C2-'Z-Score'!$K$2)/'Z-Score'!$J$2) -> 1.5855282 | C2: =(Dados!$E2-'Z-Score'!$K$3)/'Z-Score'!$J$3 -> 1.622707 | D2: =-((Dados!F2-'Z-Score'!$K$4)/'Z-Score'!$J$4) -> 0.9741667 | E2: =(Dados!D2-'Z-Score'!$K$5)/'Z-Score'!$J$5 -> 1.3030828 | F2: =SUM(B2:E2) -> 5.4854847 | I2: IDH | J2: =_xlfn.STDEV.S(Dados!C2:C28) -> 0.043425182 | K2: =AVERAGE(Dados!C2:C28) -> 0.77385185
A3: Macapá | B3: =-((Dados!C3-'Z-Score'!$K$2)/'Z-Score'!$J$2) -> 1.2401065 | C3: =(Dados!$E3-'Z-Score'!$K$3)/'Z-Score'!$J$3 -> 0.82307648 | D3: =-((Dados!F3-'Z-Score'!$K$4)/'Z-Score'!$J$4) -> 0.88089542 | E3: =(Dados!D3-'Z-Score'!$K$5)/'Z-Score'!$J$5 -> 1.1331154 | F3: =SUM(B3:E3) -> 4.0771939 | I3: Taxa_Desemprego | J3: =_xlfn.STDEV.S(Dados!E2:E28) -> 3.0013862 | K3: =AVERAGE(Dados!E2:E28) -> 11.22963
A4: Manaus | B4: =-((Dados!C4-'Z-Score'!$K$2)/'Z-Score'!$J$2) -> 1.2401065 | C4: =(Dados!$E4-'Z-Score'!$K$3)/'Z-Score'!$J$3 -> 1.3894814 | D4: =-((Dados!F4-'Z-Score'!$K$4)/'Z-Score'!$J$4) -> 0.60108158 | E4: =(Dados!D4-'Z-Score'!$K$5)/'Z-Score'!$J$5 -> 1.1331154 | F4: =SUM(B4:E4) -> 4.363785 | I4: PIB per capita | J4: =_xlfn.STDEV.S(Dados!F2:F28) -> 10721.414 | K4: =AVERAGE(Dados!F2:F28) -> 31444.444
A5: São Luís | B5: =-((Dados!C5-'Z-Score'!$K$2)/'Z-Score'!$J$2) -> 1.0098254 | C5: =(Dados!$E5-'Z-Score'!$K$3)/'Z-Score'!$J$3 -> 1.08962 | D5: =-((Dados!F5-'Z-Score'!$K$4)/'Z-Score'!$J$4) -> 0.88089542 | E5: =(Dados!D5-'Z-Score'!$K$5)/'Z-Score'!$J$5 -> 1.1331154 | F5: =SUM(B5:E5) -> 4.1134562 | I5: Gini | J5: =_xlfn.STDEV.S(Dados!D2:D28) -> 0.058834841 | K5: =AVERAGE(Dados!D2:D28) -> 0.53333333
A6: Rio Branco | B6: =-((Dados!C6-'Z-Score'!$K$2)/'Z-Score'!$J$2) -> 1.124966 | C6: =(Dados!$E6-'Z-Score'!$K$3)/'Z-Score'!$J$3 -> 0.98966617 | D6: =-((Dados!F6-'Z-Score'!$K$4)/'Z-Score'!$J$4) -> 0.9741667 | E6: =(Dados!D6-'Z-Score'!$K$5)/'Z-Score'!$J$5 -> 0.96314813 | F6: =SUM(B6:E6) -> 4.051947
A7: Recife | B7: =-((Dados!C7-'Z-Score'!$K$2)/'Z-Score'!$J$2) -> 0.89468483 | C7: =(Dados!$E7-'Z-Score'!$K$3)/'Z-Score'!$J$3 -> 0.88971235 | D7: =-((Dados!F7-'Z-Score'!$K$4)/'Z-Score'!$J$4) -> 0.69435286 | E7: =(Dados!D7-'Z-Score'!$K$5)/'Z-Score'!$J$5 -> 0.96314813 | F7: =SUM(B7:E7) -> 3.4418982
A8: Porto Velho | B8: =-((Dados!C8-'Z-Score'!$K$2)/'Z-Score'!$J$2) -> 0.89468483 | C8: =(Dados!$E8-'Z-Score'!$K$3)/'Z-Score'!$J$3 -> 0.58985091 | D8: =-((Dados!F8-'Z-Score'!$K$4)/'Z-Score'!$J$4) -> 0.69435286 | E8: =(Dados!D8-'Z-Score'!$K$5)/'Z-Score'!$J$5 -> 0.79318081 | F8: =SUM(B8:E8) -> 2.9720694
A9: Belém | B9: =-((Dados!C9-'Z-Score'!$K$2)/'Z-Score'!$J$2) -> 0.6644037 | C9: =(Dados!$E9-'Z-Score'!$K$3)/'Z-Score'!$J$3 -> 1.1895738 | D9: =-((Dados!F9-'Z-Score'!$K$4)/'Z-Score'!$J$4) -> 0.78762414 | E9: =(Dados!D9-'Z-Score'!$K$5)/'Z-Score'!$J$5 -> 0.79318081 | F9: =SUM(B9:E9) -> 3.4347825
A10: Salvador | B10: =-((Dados!C10-'Z-Score'!$K$2)/'Z-Score'!$J$2) -> 0.34201012 | C10: =(Dados!$E10-'Z-Score'!$K$3)/'Z-Score'!$J$3 -> 0.92303029 | D10: =-((Dados!F10-'Z-Score'!$K$4)/'Z-Score'!$J$4) -> 0.41453902 | E10: =(Dados!D10-'Z-Score'!$K$5)/'Z-Score'!$J$5 -> 0.79318081 | F10: =SUM(B10:E10) -> 2.4727602
A11: Fortaleza | B11: =-((Dados!C11-'Z-Score'!$K$2)/'Z-Score'!$J$2) -> 0.45715069 | C11: =(Dados!$E11-'Z-Score'!$K$3)/'Z-Score'!$J$3 -> 0.65648678 | D11: =-((Dados!F11-'Z-Score'!$K$4)/'Z-Score'!$J$4) -> 0.5078103 | E11: =(Dados!D11-'Z-Score'!$K$5)/'Z-Score'!$J$5 -> 0.6232135 | F11: =SUM(B11:E11) -> 2.2446613
A12: Teresina | B12: =-((Dados!C12-'Z-Score'!$K$2)/'Z-Score'!$J$2) -> 0.77954427 | C12: =(Dados!$E12-'Z-Score'!$K$3)/'Z-Score'!$J$3 -> 0.023445957 | D12: =-((Dados!F12-'Z-Score'!$K$4)/'Z-Score'!$J$4) -> 0.78762414 | E12: =(Dados!D12-'Z-Score'!$K$5)/'Z-Score'!$J$5 -> 0.45324618 | F12: =SUM(B12:E12) -> 2.0438605
A13: Boa Vista | B13: =-((Dados!C13-'Z-Score'!$K$2)/'Z-Score'!$J$2) -> 0.54926314 | C13: =(Dados!$E13-'Z-Score'!$K$3)/'Z-Score'!$J$3 -> -0.1098258 | D13: =-((Dados!F13-'Z-Score'!$K$4)/'Z-Score'!$J$4) -> 0.32126774 | E13: =(Dados!D13-'Z-Score'!$K$5)/'Z-Score'!$J$5 -> 0.45324618 | F13: =SUM(B13:E13) -> 1.2139513
A14: Aracaju | B14: =-((Dados!C14-'Z-Score'!$K$2)/'Z-Score'!$J$2) -> 0.31898201 | C14: =(Dados!$E14-'Z-Score'!$K$3)/'Z-Score'!$J$3 -> 0.42326122 | D14: =-((Dados!F14-'Z-Score'!$K$4)/'Z-Score'!$J$4) -> 0.41453902 | E14: =(Dados!D14-'Z-Score'!$K$5)/'Z-Score'!$J$5 -> 0.28327886 | F14: =SUM(B14:E14) -> 1.4400611
A15: Natal | B15: =-((Dados!C15-'Z-Score'!$K$2)/'Z-Score'!$J$2) -> 0.08870088 | C15: =(Dados!$E15-'Z-Score'!$K$3)/'Z-Score'!$J$3 -> 0.28998946 | D15: =-((Dados!F15-'Z-Score'!$K$4)/'Z-Score'!$J$4) -> 0.5078103 | E15: =(Dados!D15-'Z-Score'!$K$5)/'Z-Score'!$J$5 -> 0.28327886 | F15: =SUM(B15:E15) -> 1.1697795
A16: Palmas | B16: =-((Dados!C16-'Z-Score'!$K$2)/'Z-Score'!$J$2) -> 0.08870088 | C16: =(Dados!$E16-'Z-Score'!$K$3)/'Z-Score'!$J$3 -> -0.47632312 | D16: =-((Dados!F16-'Z-Score'!$K$4)/'Z-Score'!$J$4) -> 0.41453902 | E16: =(Dados!D16-'Z-Score'!$K$5)/'Z-Score'!$J$5 -> 0.11331154 | F16: =SUM(B16:E16) -> 0.14022833
A17: Rio de Janeiro | B17: =-((Dados!C17-'Z-Score'!$K$2)/'Z-Score'!$J$2) -> -0.5791144 | C17: =(Dados!$E17-'Z-Score'!$K$3)/'Z-Score'!$J$3 -> 0.35662534 | D17: =-((Dados!F17-'Z-Score'!$K$4)/'Z-Score'!$J$4) -> -0.79798761 | E17: =(Dados!D17-'Z-Score'!$K$5)/'Z-Score'!$J$5 -> 0.11331154 | F17: =SUM(B17:E17) -> -0.90716513
... A28: Florianópolis | B28: =-((Dados!C28-'Z-Score'!$K$2)/'Z-Score'!$J$2) -> -1.9838293 | C28: =(Dados!$E28-'Z-Score'!$K$3)/'Z-Score'!$J$3 -> -1.8090406 | D28: =-((Dados!F28-'Z-Score'!$K$4)/'Z-Score'!$J$4) -> -2.4768706 | E28: =(Dados!D28-'Z-Score'!$K$5)/'Z-Score'!$J$5 -> -1.9262963 | F28: =SUM(B28:E28) -> -8.1960368
